{"value": {"link_suggestions": [], "processing_time": 0.0008809566497802734, "status": "success"}, "expires_at": 1742301568.228777}