{"value": {"link_suggestions": [], "processing_time": 8.487701416015625e-05, "status": "success"}, "expires_at": 1742301568.240115}