{"value": {"link_suggestions": [], "processing_time": 6.198883056640625e-05, "status": "success"}, "expires_at": 1742301568.245724}